Nom, Droit
Emma Miller, Admin
James Wilson, Standard
Olivia Davis, Admin
Ethan Taylor, Standard
Sophia Martinez, Standard
William Smith, Admin
Isabella Brown, Standard
Jackson White, Standard
Ava Turner, Admin
Logan Davis, Standard
Daniel Wilson, Standard
Olivia Taylor, Admin
Ethan Martinez, Standard
Sophia Jones, Standard
Matthew Moore, Admin
Aiden Turner, Standard
Chloe Davis, Standard
Isaac Brown, Admin
Zoe White, Standard
Carter Smith, Standard
Riley Martinez, Admin
Hazel Davis, Standard
Elijah Turner, Standard
Stella Wilson, Admin
Lucas Moore, Standard
Layla Johnson, Standard
Jack Brown, Admin
Mia Taylor, Standard
Oliver Jones, Standard
Ava White, Admin
Ethan Turner, Admin
Ava Davis, Standard
Liam Brown, Standard
Scarlett Smith, Admin
Noah Martinez, Standard
Amelia Turner, Standard
Benjamin Davis, Admin
Lily Wilson, Standard
Henry Moore, Standard
Emily Jones, Admin
Samuel Taylor, Standard
Zoey Brown, Standard
Wyatt Smith, Admin
Harper Martinez, Standard
Sebastian Turner, Standard
Grace Davis, Admin
Jackson White, Standard
Penelope Smith, Standard
Gabriel Wilson, Admin
Madelyn Moore, Standard
Leo Jones, Standard
Aria Taylor, Admin
Isaac Brown, Standard
Aurora Smith, Standard
Owen Turner, Admin
Ellie Davis, Standard
Caleb White, Standard
Violet Martinez, Admin
Julian Moore, Standard
Hazel Jones, Standard
Lincoln Taylor, Admin
Stella Brown, Standard
Eli Smith, Standard
Addison Turner, Admin
Christopher Davis, Standard
Scarlett White, Standard
Josiah Moore, Admin
Hannah Jones, Standard
Levi Taylor, Standard
Nova Brown, Admin
Easton Martinez, Standard
Paisley Turner, Standard
Mateo Davis, Admin
Clara Smith, Standard
Asher White, Standard
Lucy Moore, Admin
Grayson Jones, Standard
Skylar Taylor, Standard
Ezra Brown, Admin
Ruby Martinez, Standard
Hudson Turner, Standard
Eleanor Davis, Admin
Nolan Smith, Standard
Everly White, Standard
Levi Moore, Admin
Willow Jones, Standard
Mason Taylor, Standard
Piper Brown, Admin
Savannah Martinez, Standard
Oliver Turner, Standard
Audrey Davis, Admin
Logan Smith, Standard
Scarlett White, Standard
Carter Moore, Admin
Isabella Jones, Standard
Jaxon Taylor, Standard
Lily Brown, Admin
Owen Martinez, Standard
Grace Turner, Standard
Jackson Davis, Admin
Emma Johnson, Admin
Alexander Brown, Standard
Lily Martinez, Standard
Jackson Turner, Admin
Scarlett Davis, Standard
Lucas Smith, Standard
Ava White, Admin
Oliver Moore, Standard
Zoey Jones, Standard
Caleb Taylor, Admin
Hazel Brown, Standard
Leo Martinez, Standard
Chloe Turner, Admin
Ethan Davis, Standard
Grace Smith, Standard
Elijah White, Admin
Scarlett Moore, Standard
Henry Jones, Standard
Amelia Taylor, Admin
Wyatt Brown, Standard
Harper Martinez, Standard
Mason Turner, Admin
Penelope Davis, Standard
Logan Smith, Standard
Zoe White, Admin
Liam Moore, Standard
Stella Jones, Standard
Benjamin Taylor, Admin
Aria Brown, Standard
Samuel Martinez, Standard
Lily Turner, Admin
Jackson Davis, Standard
Aurora Smith, Standard
Caleb White, Admin
Ellie Moore, Standard
Noah Jones, Standard
Grace Taylor, Admin
Owen Brown, Standard
Addison Martinez, Standard
Elijah Turner, Admin
Scarlett Davis, Standard
Leo Smith, Standard
Ava White, Admin
Oliver Moore, Standard
Zoey Jones, Standard
Mason Taylor, Admin
Chloe Brown, Standard
Jackson Martinez, Standard
Emma Turner, Admin
Wyatt Davis, Standard
Harper Smith, Standard
Ella White, Admin
Ethan Moore, Standard
Grace Jones, Standard
Samuel Taylor, Admin
Lucy Brown, Standard
Jackson Martinez, Standard
Amelia Turner, Admin
Liam Davis, Standard
Hazel Smith, Standard
Mason White, Admin
Lily Moore, Standard
Leo Jones, Standard
Zoey Taylor, Admin
Oliver Brown, Standard
Scarlett Martinez, Standard
Caleb Turner, Admin
Ava Davis, Standard
Benjamin Smith, Standard
Ella White, Admin
Ethan Moore, Standard
Lily Jones, Standard
Samuel Taylor, Admin
Grace Brown, Standard
Jackson Martinez, Standard
Zoey Turner, Admin
Wyatt Davis, Standard
Amelia Smith, Standard
Leo White, Admin
Scarlett Moore, Standard
Harper Jones, Standard
Mason Taylor, Admin
Chloe Brown, Standard
Jackson Martinez, Standard
Emma Turner, Admin
Wyatt Davis, Standard
Harper Smith, Standard
Ella White, Admin
Ethan Moore, Standard
Grace Jones, Standard
Samuel Taylor, Admin
Lucy Brown, Standard
Jackson Martinez, Standard
Amelia Turner, Admin
Liam Davis, Standard
Hazel Smith, Standard
Mason White, Admin
Lily Moore, Standard
Leo Jones, Standard
Zoey Taylor, Admin
